model,seed,params,val_ratio,test_ratio,val_corr,test_corr,val_edge,test_edge,best_epoch,seconds,minutes
gru,11,14081,0.9992750046707529,1.0011266377651702,0.03831227263413415,-0.011526651067056738,0.0080324272061284,0.0016614362193095866,4.0,192.81735370000024,3.2136225616666705
gru,12,14081,0.9994509292951526,1.0009591109066738,0.03296280304658882,-0.005681184231333357,0.005912758915622263,0.0033967140483662783,3.0,387.77973439999914,6.462995573333319
gru,13,14081,0.9996150115220909,1.0012076688644145,0.027943109404511817,-0.01291075957004873,0.009445539399799197,0.004061288536090113,2.0,134.86556080000082,2.2477593466666805
gru,14,14081,0.9992014225882958,1.0012262374665237,0.04029148253197718,-0.011425510281295284,0.011193336060391967,0.0016983570241830837,1.0,108.29223339999953,1.804870556666659
gru,15,14081,0.9994062517548337,1.0008498819692282,0.03434608463451993,-0.005576582183648565,0.0075118069242496865,0.003101347609377858,10.0,303.0054488000005,5.050090813333342
gru,16,14081,0.9998167175244411,1.0007684993492283,0.021961117333505156,-0.014506349747863564,0.002714662898367415,0.0018829610485509019,1.0,110.77857069999845,1.8463095116666408
gru,17,14081,0.999463218706403,1.000797412645706,0.03280262477422623,-0.00670212949947096,0.006544940686475043,0.0015875946095624816,8.0,265.89575650000006,4.431595941666668
gru,18,14081,0.9991629539862539,1.0009500561503897,0.041765494845022344,-0.006324340269324237,0.010338031311591167,0.0077164482185712036,13.0,377.5432569000004,6.292387615000007
gru,19,14081,0.9994116236534081,1.0007998815631673,0.035165276119390146,-0.00439856824271298,0.00888773195492909,0.00819641868192722,12.0,349.1818097000014,5.819696828333357
gru,20,14081,0.9995359129668083,1.0008198237575414,0.030493221141520553,-0.010861402646583432,0.005801197426648308,0.0033597932434926703,5.0,196.44205819999843,3.2740343033333072
lstm,11,18753,0.9992598524108436,1.0015721253678473,0.038949251537007186,-0.006371879026003238,0.01059834145253058,0.0036182388776074825,4.0,105.99426920000042,1.7665711533333404
lstm,12,18753,0.9992073707775531,1.0013155488871452,0.040042851853260994,-0.007370714833968819,0.008404298836041768,0.00409820934096361,3.0,92.11696330000086,1.5352827216666811
lstm,13,18753,0.9993210279975399,1.00111092141654,0.03696701037481862,-0.0073314956201661835,0.009482726562790478,0.0036182388776074825,2.0,78.92766379999921,1.3154610633333201
lstm,14,18753,0.998749104420494,1.0016153583823073,0.050919149768782895,0.007890931840479438,0.005354951470752267,0.0033597932434926703,16.0,262.62064929999906,4.377010821666651
lstm,15,18753,0.9996618167717828,1.0006644916994718,0.02923210500107382,-0.007244381616183968,0.002714662898367415,0.0004061288536090224,2.0,78.55939059999946,1.3093231766666578
lstm,16,18753,0.9990244821448587,1.0014844444957227,0.046128701081613196,0.005553891248703329,0.007065560968353646,0.004172050950710715,14.0,236.2857681000005,3.9380961350000083
lstm,17,18753,0.9990613782059069,1.0020557737068452,0.04558468471824657,-0.0009540693062933551,0.005578074448700288,0.0035074764629868804,14.0,235.04983170000014,3.9174971950000024
lstm,18,18753,0.9994342381931209,1.0023550396391636,0.03823693217207263,-0.008075214402648261,0.006619315012457716,0.0037659220971016927,13.0,222.69101580000097,3.711516930000016
lstm,19,18753,0.99885958022513,1.0016008655295856,0.04827288356543533,-0.005965636421329797,0.0099661596816778,0.006276536828502821,12.0,211.73568349999914,3.528928058333319
lstm,20,18753,0.9989291331747904,1.0014785924453629,0.04620236119033825,-0.005383897339491288,0.004871518351864945,0.00498430865792876,10.0,183.92872660000103,3.065478776666684
