model,hidden,lr,batch,seed,val_ratio,test_ratio,val_dir,test_dir,epochs
gru,16,0.001,64,1,0.9991929492526598,1.00368563828392,0.532051282051282,0.536,7.0
gru,16,0.001,64,2,0.998918119138899,1.0062173557250826,0.5224358974358975,0.496,7.0
gru,16,0.001,64,3,1.0002030147602463,1.0018687256903474,0.5288461538461539,0.496,12.0
gru,32,0.001,64,1,0.999379418757115,1.0056780677428174,0.532051282051282,0.5056,12.0
gru,32,0.001,64,2,0.9986678833242871,1.0025370066947918,0.5144230769230769,0.5072,6.0
gru,32,0.001,64,3,0.9992351620133806,1.0051022947049066,0.5256410256410257,0.5264,12.0
gru,32,0.001,64,4,0.9994163549227457,1.0029159979089097,0.5336538461538461,0.5152,12.0
gru,32,0.001,64,5,0.9987313813329985,1.0029734240911685,0.5352564102564102,0.512,16.0
gru,32,0.001,64,42,1.0000312124014652,1.0027983390016502,0.530448717948718,0.512,8.0
gru,64,0.0003,64,1,0.9995677663716871,1.002055252838737,0.5208333333333334,0.5024,10.0
gru,64,0.0003,64,2,0.9983868822772854,1.0045814651383673,0.530448717948718,0.4688,9.0
gru,64,0.0003,64,3,0.9986694931329586,1.0036802410863392,0.5144230769230769,0.4784,7.0
gru,64,0.001,64,1,0.9988421003960756,1.002412655262532,0.5512820512820513,0.528,8.0
gru,64,0.001,64,2,0.9975921733964271,1.0041558421371521,0.5352564102564102,0.4992,6.0
gru,64,0.001,64,3,0.9977123724439033,1.0036047882641608,0.530448717948718,0.5184,6.0
gru,64,0.001,64,4,0.9995801976719841,1.0027158698226168,0.5160256410256411,0.4848,9.0
gru,64,0.001,64,5,0.9991064667534711,1.0025480169778564,0.5224358974358975,0.5168,10.0
gru,64,0.001,64,42,0.9980021380047834,1.0021122472451893,0.5384615384615384,0.5136,8.0
gru,64,0.003,64,1,0.9983910856665945,1.003060103084315,0.5496794871794872,0.528,8.0
gru,64,0.003,64,2,0.9987274462451347,1.0049594848569208,0.5272435897435898,0.4976,9.0
gru,64,0.003,64,3,0.9984801617464206,1.0041948099036848,0.5176282051282052,0.496,6.0
lstm,16,0.001,64,1,0.9984037852683367,1.0024897272439848,0.5160256410256411,0.496,7.0
lstm,16,0.001,64,2,1.0003108719412406,1.003343024181496,0.5272435897435898,0.5328,18.0
lstm,16,0.001,64,3,1.0009005985179207,1.0019713803883328,0.5224358974358975,0.5392,11.0
lstm,32,0.001,64,1,0.9999235340881011,1.0029233380976195,0.5272435897435898,0.5264,11.0
lstm,32,0.001,64,2,1.0000503512378938,1.00095217359719,0.5384615384615384,0.5344,6.0
lstm,32,0.001,64,3,1.0002366418747188,1.0017461013613136,0.5176282051282052,0.5184,8.0
lstm,32,0.001,64,4,1.000282431988043,1.0021805757665612,0.5448717948717948,0.544,12.0
lstm,32,0.001,64,5,0.9989050618018964,1.003695137351662,0.5368589743589743,0.496,6.0
lstm,32,0.001,64,42,0.99859320608869,1.0000986607717754,0.4983974358974359,0.5328,6.0
lstm,64,0.0003,64,1,0.9992094945084508,1.0005623879879106,0.5160256410256411,0.5296,9.0
lstm,64,0.0003,64,2,0.9992227307130835,1.0018774691504282,0.5400641025641025,0.4992,13.0
lstm,64,0.0003,64,3,0.999122922575447,1.0004305884229896,0.5272435897435898,0.5344,7.0
lstm,64,0.001,64,1,0.9987112587246041,1.0021626570705933,0.5224358974358975,0.5248,9.0
lstm,64,0.001,64,2,0.9991720217399295,1.0029046637939902,0.5368589743589743,0.5248,8.0
lstm,64,0.001,64,3,0.998991544301085,0.9989439843213569,0.5608974358974359,0.56,6.0
lstm,64,0.001,64,4,0.9996817050521073,1.002340440758902,0.5176282051282052,0.5056,7.0
lstm,64,0.001,64,5,0.9999663728855275,1.0025109922024529,0.5256410256410257,0.5328,9.0
lstm,64,0.001,64,42,0.9992509023648357,1.0012163124467903,0.5288461538461539,0.5328,7.0
lstm,64,0.003,64,1,0.9992280073081736,1.0033320138984314,0.5384615384615384,0.536,9.0
lstm,64,0.003,64,2,0.999628760233576,1.0017785924907494,0.5240384615384616,0.488,7.0
lstm,64,0.003,64,3,0.9981034665172764,0.9999494822306445,0.5448717948717948,0.5232,6.0
